{"min_loss": 0.016627036833894052, "duration": 34915.50583553314}