{"min_loss": 0.019020987212904933, "duration": 10715.628609895706}