{"min_loss": 0.04417092375783737, "duration": 10404.56638598442}