{"min_loss": 0.14000347597411134, "duration": 1082.8019886016846}