{"min_loss": 0.29270776844423685, "duration": 52.056421995162964}