{"min_loss": 0.06834065342111567, "duration": 3422.6415779590607}